Bicep_Length_mm,Forearm_Length_mm,Reduction_Ratio,Configuration,Fastest_Cycle_Time_s,Max_Tracking_Error_mm
200,420,1,L1-200 L2-420 R:1.0 (EC 90 flat Open Rotor 48V),NaN,NaN
180,420,1,L1-180 L2-420 R:1.0 (EC 90 flat Open Rotor 48V),NaN,NaN
160,420,1,L1-160 L2-420 R:1.0 (EC 90 flat Open Rotor 48V),NaN,NaN
200,400,1,L1-200 L2-400 R:1.0 (EC 90 flat Open Rotor 48V),NaN,NaN
180,400,1,L1-180 L2-400 R:1.0 (EC 90 flat Open Rotor 48V),NaN,NaN
160,400,1,L1-160 L2-400 R:1.0 (EC 90 flat Open Rotor 48V),0.7,9.87088281830036
200,380,1,L1-200 L2-380 R:1.0 (EC 90 flat Open Rotor 48V),NaN,NaN
180,380,1,L1-180 L2-380 R:1.0 (EC 90 flat Open Rotor 48V),NaN,NaN
160,380,1,L1-160 L2-380 R:1.0 (EC 90 flat Open Rotor 48V),NaN,NaN
200,360,1,L1-200 L2-360 R:1.0 (EC 90 flat Open Rotor 48V),NaN,NaN
180,360,1,L1-180 L2-360 R:1.0 (EC 90 flat Open Rotor 48V),NaN,NaN
160,360,1,L1-160 L2-360 R:1.0 (EC 90 flat Open Rotor 48V),NaN,NaN
200,340,1,L1-200 L2-340 R:1.0 (EC 90 flat Open Rotor 48V),NaN,NaN
180,340,1,L1-180 L2-340 R:1.0 (EC 90 flat Open Rotor 48V),NaN,NaN
160,340,1,L1-160 L2-340 R:1.0 (EC 90 flat Open Rotor 48V),NaN,NaN
200,420,2,L1-200 L2-420 R:2.0 (EC 90 flat Open Rotor 48V),NaN,NaN
180,420,2,L1-180 L2-420 R:2.0 (EC 90 flat Open Rotor 48V),0.6,9.44442809406592
160,420,2,L1-160 L2-420 R:2.0 (EC 90 flat Open Rotor 48V),0.7,9.83945080741156
200,400,2,L1-200 L2-400 R:2.0 (EC 90 flat Open Rotor 48V),NaN,NaN
180,400,2,L1-180 L2-400 R:2.0 (EC 90 flat Open Rotor 48V),0.6,9.55874300334052
160,400,2,L1-160 L2-400 R:2.0 (EC 90 flat Open Rotor 48V),NaN,NaN
200,380,2,L1-200 L2-380 R:2.0 (EC 90 flat Open Rotor 48V),NaN,NaN
180,380,2,L1-180 L2-380 R:2.0 (EC 90 flat Open Rotor 48V),0.6,9.76767052787374
160,380,2,L1-160 L2-380 R:2.0 (EC 90 flat Open Rotor 48V),NaN,NaN
200,360,2,L1-200 L2-360 R:2.0 (EC 90 flat Open Rotor 48V),NaN,NaN
180,360,2,L1-180 L2-360 R:2.0 (EC 90 flat Open Rotor 48V),NaN,NaN
160,360,2,L1-160 L2-360 R:2.0 (EC 90 flat Open Rotor 48V),NaN,NaN
200,340,2,L1-200 L2-340 R:2.0 (EC 90 flat Open Rotor 48V),NaN,NaN
180,340,2,L1-180 L2-340 R:2.0 (EC 90 flat Open Rotor 48V),NaN,NaN
160,340,2,L1-160 L2-340 R:2.0 (EC 90 flat Open Rotor 48V),NaN,NaN
200,420,3,L1-200 L2-420 R:3.0 (EC 90 flat Open Rotor 48V),NaN,NaN
180,420,3,L1-180 L2-420 R:3.0 (EC 90 flat Open Rotor 48V),0.5,9.31330865769983
160,420,3,L1-160 L2-420 R:3.0 (EC 90 flat Open Rotor 48V),0.7,9.98203958617087
200,400,3,L1-200 L2-400 R:3.0 (EC 90 flat Open Rotor 48V),NaN,NaN
180,400,3,L1-180 L2-400 R:3.0 (EC 90 flat Open Rotor 48V),0.5,9.40519464390792
160,400,3,L1-160 L2-400 R:3.0 (EC 90 flat Open Rotor 48V),NaN,NaN
200,380,3,L1-200 L2-380 R:3.0 (EC 90 flat Open Rotor 48V),NaN,NaN
180,380,3,L1-180 L2-380 R:3.0 (EC 90 flat Open Rotor 48V),0.5,9.57855253435614
160,380,3,L1-160 L2-380 R:3.0 (EC 90 flat Open Rotor 48V),NaN,NaN
200,360,3,L1-200 L2-360 R:3.0 (EC 90 flat Open Rotor 48V),NaN,NaN
180,360,3,L1-180 L2-360 R:3.0 (EC 90 flat Open Rotor 48V),0.5,9.86386563677532
160,360,3,L1-160 L2-360 R:3.0 (EC 90 flat Open Rotor 48V),NaN,NaN
200,340,3,L1-200 L2-340 R:3.0 (EC 90 flat Open Rotor 48V),NaN,NaN
180,340,3,L1-180 L2-340 R:3.0 (EC 90 flat Open Rotor 48V),NaN,NaN
160,340,3,L1-160 L2-340 R:3.0 (EC 90 flat Open Rotor 48V),NaN,NaN
200,420,1,L1-200 L2-420 R:1.0 (EC 60 flat Ventilated 48V),NaN,NaN
180,420,1,L1-180 L2-420 R:1.0 (EC 60 flat Ventilated 48V),NaN,NaN
160,420,1,L1-160 L2-420 R:1.0 (EC 60 flat Ventilated 48V),NaN,NaN
200,400,1,L1-200 L2-400 R:1.0 (EC 60 flat Ventilated 48V),NaN,NaN
180,400,1,L1-180 L2-400 R:1.0 (EC 60 flat Ventilated 48V),NaN,NaN
160,400,1,L1-160 L2-400 R:1.0 (EC 60 flat Ventilated 48V),NaN,NaN
200,380,1,L1-200 L2-380 R:1.0 (EC 60 flat Ventilated 48V),NaN,NaN
180,380,1,L1-180 L2-380 R:1.0 (EC 60 flat Ventilated 48V),NaN,NaN
160,380,1,L1-160 L2-380 R:1.0 (EC 60 flat Ventilated 48V),NaN,NaN
200,360,1,L1-200 L2-360 R:1.0 (EC 60 flat Ventilated 48V),NaN,NaN
180,360,1,L1-180 L2-360 R:1.0 (EC 60 flat Ventilated 48V),NaN,NaN
160,360,1,L1-160 L2-360 R:1.0 (EC 60 flat Ventilated 48V),NaN,NaN
200,340,1,L1-200 L2-340 R:1.0 (EC 60 flat Ventilated 48V),NaN,NaN
180,340,1,L1-180 L2-340 R:1.0 (EC 60 flat Ventilated 48V),NaN,NaN
160,340,1,L1-160 L2-340 R:1.0 (EC 60 flat Ventilated 48V),NaN,NaN
200,420,2,L1-200 L2-420 R:2.0 (EC 60 flat Ventilated 48V),NaN,NaN
180,420,2,L1-180 L2-420 R:2.0 (EC 60 flat Ventilated 48V),0.6,9.38257682319863
160,420,2,L1-160 L2-420 R:2.0 (EC 60 flat Ventilated 48V),0.7,9.60344633027312
200,400,2,L1-200 L2-400 R:2.0 (EC 60 flat Ventilated 48V),NaN,NaN
180,400,2,L1-180 L2-400 R:2.0 (EC 60 flat Ventilated 48V),0.6,9.52837644858459
160,400,2,L1-160 L2-400 R:2.0 (EC 60 flat Ventilated 48V),0.7,9.77127136427142
200,380,2,L1-200 L2-380 R:2.0 (EC 60 flat Ventilated 48V),NaN,NaN
180,380,2,L1-180 L2-380 R:2.0 (EC 60 flat Ventilated 48V),0.6,9.7668893745091
160,380,2,L1-160 L2-380 R:2.0 (EC 60 flat Ventilated 48V),NaN,NaN
200,360,2,L1-200 L2-360 R:2.0 (EC 60 flat Ventilated 48V),NaN,NaN
180,360,2,L1-180 L2-360 R:2.0 (EC 60 flat Ventilated 48V),NaN,NaN
160,360,2,L1-160 L2-360 R:2.0 (EC 60 flat Ventilated 48V),NaN,NaN
200,340,2,L1-200 L2-340 R:2.0 (EC 60 flat Ventilated 48V),NaN,NaN
180,340,2,L1-180 L2-340 R:2.0 (EC 60 flat Ventilated 48V),NaN,NaN
160,340,2,L1-160 L2-340 R:2.0 (EC 60 flat Ventilated 48V),NaN,NaN
200,420,3,L1-200 L2-420 R:3.0 (EC 60 flat Ventilated 48V),NaN,NaN
180,420,3,L1-180 L2-420 R:3.0 (EC 60 flat Ventilated 48V),0.5,9.1346114345406
160,420,3,L1-160 L2-420 R:3.0 (EC 60 flat Ventilated 48V),0.6,9.80321585247158
200,400,3,L1-200 L2-400 R:3.0 (EC 60 flat Ventilated 48V),NaN,NaN
180,400,3,L1-180 L2-400 R:3.0 (EC 60 flat Ventilated 48V),0.5,9.27469517353694
160,400,3,L1-160 L2-400 R:3.0 (EC 60 flat Ventilated 48V),0.6,9.98576697607721
200,380,3,L1-200 L2-380 R:3.0 (EC 60 flat Ventilated 48V),NaN,NaN
180,380,3,L1-180 L2-380 R:3.0 (EC 60 flat Ventilated 48V),0.5,9.50604336675791
160,380,3,L1-160 L2-380 R:3.0 (EC 60 flat Ventilated 48V),NaN,NaN
200,360,3,L1-200 L2-360 R:3.0 (EC 60 flat Ventilated 48V),NaN,NaN
180,360,3,L1-180 L2-360 R:3.0 (EC 60 flat Ventilated 48V),0.5,9.85777142524231
160,360,3,L1-160 L2-360 R:3.0 (EC 60 flat Ventilated 48V),NaN,NaN
200,340,3,L1-200 L2-340 R:3.0 (EC 60 flat Ventilated 48V),NaN,NaN
180,340,3,L1-180 L2-340 R:3.0 (EC 60 flat Ventilated 48V),NaN,NaN
160,340,3,L1-160 L2-340 R:3.0 (EC 60 flat Ventilated 48V),NaN,NaN
200,420,1,L1-200 L2-420 R:1.0 (EC-i 52 High Torque 48V),NaN,NaN
180,420,1,L1-180 L2-420 R:1.0 (EC-i 52 High Torque 48V),NaN,NaN
160,420,1,L1-160 L2-420 R:1.0 (EC-i 52 High Torque 48V),NaN,NaN
200,400,1,L1-200 L2-400 R:1.0 (EC-i 52 High Torque 48V),NaN,NaN
180,400,1,L1-180 L2-400 R:1.0 (EC-i 52 High Torque 48V),NaN,NaN
160,400,1,L1-160 L2-400 R:1.0 (EC-i 52 High Torque 48V),NaN,NaN
200,380,1,L1-200 L2-380 R:1.0 (EC-i 52 High Torque 48V),NaN,NaN
180,380,1,L1-180 L2-380 R:1.0 (EC-i 52 High Torque 48V),NaN,NaN
160,380,1,L1-160 L2-380 R:1.0 (EC-i 52 High Torque 48V),NaN,NaN
200,360,1,L1-200 L2-360 R:1.0 (EC-i 52 High Torque 48V),NaN,NaN
180,360,1,L1-180 L2-360 R:1.0 (EC-i 52 High Torque 48V),NaN,NaN
160,360,1,L1-160 L2-360 R:1.0 (EC-i 52 High Torque 48V),NaN,NaN
200,340,1,L1-200 L2-340 R:1.0 (EC-i 52 High Torque 48V),NaN,NaN
180,340,1,L1-180 L2-340 R:1.0 (EC-i 52 High Torque 48V),NaN,NaN
160,340,1,L1-160 L2-340 R:1.0 (EC-i 52 High Torque 48V),NaN,NaN
200,420,2,L1-200 L2-420 R:2.0 (EC-i 52 High Torque 48V),NaN,NaN
180,420,2,L1-180 L2-420 R:2.0 (EC-i 52 High Torque 48V),0.6,9.37776373811077
160,420,2,L1-160 L2-420 R:2.0 (EC-i 52 High Torque 48V),0.6,9.82197448138013
200,400,2,L1-200 L2-400 R:2.0 (EC-i 52 High Torque 48V),NaN,NaN
180,400,2,L1-180 L2-400 R:2.0 (EC-i 52 High Torque 48V),0.6,9.527989719756
160,400,2,L1-160 L2-400 R:2.0 (EC-i 52 High Torque 48V),0.6,9.99236604143464
200,380,2,L1-200 L2-380 R:2.0 (EC-i 52 High Torque 48V),NaN,NaN
180,380,2,L1-180 L2-380 R:2.0 (EC-i 52 High Torque 48V),0.6,9.7672804724661
160,380,2,L1-160 L2-380 R:2.0 (EC-i 52 High Torque 48V),0.7,9.9885865181069
200,360,2,L1-200 L2-360 R:2.0 (EC-i 52 High Torque 48V),NaN,NaN
180,360,2,L1-180 L2-360 R:2.0 (EC-i 52 High Torque 48V),NaN,NaN
160,360,2,L1-160 L2-360 R:2.0 (EC-i 52 High Torque 48V),NaN,NaN
200,340,2,L1-200 L2-340 R:2.0 (EC-i 52 High Torque 48V),NaN,NaN
180,340,2,L1-180 L2-340 R:2.0 (EC-i 52 High Torque 48V),NaN,NaN
160,340,2,L1-160 L2-340 R:2.0 (EC-i 52 High Torque 48V),NaN,NaN
200,420,3,L1-200 L2-420 R:3.0 (EC-i 52 High Torque 48V),NaN,NaN
180,420,3,L1-180 L2-420 R:3.0 (EC-i 52 High Torque 48V),0.5,9.12257807134746
160,420,3,L1-160 L2-420 R:3.0 (EC-i 52 High Torque 48V),0.5,9.94264111157111
200,400,3,L1-200 L2-400 R:3.0 (EC-i 52 High Torque 48V),NaN,NaN
180,400,3,L1-180 L2-400 R:3.0 (EC-i 52 High Torque 48V),0.5,9.27272119892248
160,400,3,L1-160 L2-400 R:3.0 (EC-i 52 High Torque 48V),0.6,9.92450727921156
200,380,3,L1-200 L2-380 R:3.0 (EC-i 52 High Torque 48V),NaN,NaN
180,380,3,L1-180 L2-380 R:3.0 (EC-i 52 High Torque 48V),0.5,9.51230474191618
160,380,3,L1-160 L2-380 R:3.0 (EC-i 52 High Torque 48V),NaN,NaN
200,360,3,L1-200 L2-360 R:3.0 (EC-i 52 High Torque 48V),NaN,NaN
180,360,3,L1-180 L2-360 R:3.0 (EC-i 52 High Torque 48V),0.5,9.87301604893689
160,360,3,L1-160 L2-360 R:3.0 (EC-i 52 High Torque 48V),NaN,NaN
200,340,3,L1-200 L2-340 R:3.0 (EC-i 52 High Torque 48V),NaN,NaN
180,340,3,L1-180 L2-340 R:3.0 (EC-i 52 High Torque 48V),NaN,NaN
160,340,3,L1-160 L2-340 R:3.0 (EC-i 52 High Torque 48V),NaN,NaN
